,name,location,type,final demand,SP name,SP amount,ES,local demand,local supply,County,State,Country,World,Watershed
process1,fill in this cell,fill in this cell,fill in this cell,fill in this cell,fill in this cell,fill in this cell,fill in this cell,fill in this cell,fill in this cell,,fill in this cell,fill in this cell,fill in this cell,
process2,fill in this cell,fill in this cell,fill in this cell,fill in this cell,fill in this cell,fill in this cell,fill in this cell,fill in this cell,fill in this cell,,fill in this cell,fill in this cell,fill in this cell,
process3,fill in this cell,fill in this cell,fill in this cell,fill in this cell,fill in this cell,fill in this cell,fill in this cell,fill in this cell,fill in this cell,,fill in this cell,fill in this cell,fill in this cell,
process4,fill in this cell,fill in this cell,fill in this cell,fill in this cell,fill in this cell,fill in this cell,fill in this cell,fill in this cell,fill in this cell,,fill in this cell,fill in this cell,fill in this cell,
